session,type,entry,sl,tp,date,profit_loss
Tokyo,Buy,2065.32,2062.17,2068.4700000000003,2024-01-02 06:15:00,3.150000000000091
London,Buy,2074.93,2072.15,2077.7099999999996,2024-01-02 14:35:00,2.7799999999997453
New York,Buy,2069.35,2064.76,2073.9399999999996,2024-01-02 19:00:00,4.589999999999691
London,Sell,2058.41,2064.43,2052.39,2024-01-03 14:40:00,6.019999999999982
New York,Sell,2039.82,2048.1,2031.54,2024-01-03 19:15:00,8.279999999999973
Tokyo,Sell,2041.78,2043.15,2040.4099999999999,2024-01-04 06:20:00,1.3700000000001182
London,Sell,2045.56,2048.72,2042.4,2024-01-04 14:05:00,3.1599999999998545
New York,Sell,2041.83,2047.37,2036.29,2024-01-04 19:00:00,5.539999999999964
Tokyo,Buy,2044.33,2043.26,2045.3999999999999,2024-01-05 06:05:00,1.0699999999999363
New York,Sell,2029.1,2041.86,2016.34,2024-01-05 19:00:00,12.759999999999991
Tokyo,Buy,2045.98,2043.71,2048.25,2024-01-08 06:00:00,2.269999999999982
London,Sell,2027.39,2031.83,2022.9500000000003,2024-01-08 14:20:00,4.439999999999827
New York,Sell,2019.82,2025.5,2014.1399999999999,2024-01-08 19:05:00,5.680000000000064
Tokyo,Buy,2034.89,2030.54,2039.2400000000002,2024-01-09 06:30:00,4.350000000000136
New York,Buy,2038.55,2031.55,2045.55,2024-01-09 19:05:00,7.0
Tokyo,Sell,2029.78,2031.16,2028.3999999999999,2024-01-10 06:30:00,1.3800000000001091
New York,Sell,2029.65,2034.09,2025.2100000000003,2024-01-10 19:40:00,4.439999999999827
Tokyo,Buy,2028.0,2026.46,2029.54,2024-01-11 06:20:00,1.5399999999999636
London,Sell,2031.43,2034.15,2028.71,2024-01-11 14:15:00,2.7200000000000273
New York,Sell,2030.49,2039.71,2021.27,2024-01-11 19:05:00,9.220000000000027
Tokyo,Sell,2030.42,2035.38,2025.46,2024-01-12 06:10:00,4.960000000000036
London,Sell,2037.35,2039.81,2034.8899999999999,2024-01-12 14:15:00,2.4600000000000364
New York,Buy,2052.18,2044.27,2060.0899999999997,2024-01-12 19:00:00,7.9099999999998545
Tokyo,Buy,2048.32,2045.68,2050.96,2024-01-15 06:00:00,2.6399999999998727
London,Buy,2057.89,2053.71,2062.0699999999997,2024-01-15 14:10:00,4.179999999999836
New York,Buy,2054.33,2052.32,2056.3399999999997,2024-01-15 19:25:00,2.0099999999997635
Tokyo,Sell,2051.93,2054.5,2049.3599999999997,2024-01-16 06:00:00,2.5700000000001637
London,Sell,2045.43,2050.09,2040.77,2024-01-16 14:00:00,4.660000000000082
New York,Buy,2040.67,2031.22,2050.12,2024-01-16 19:05:00,9.449999999999818
Tokyo,Buy,2028.29,2025.56,2031.02,2024-01-17 06:15:00,2.730000000000018
London,Sell,2023.65,2026.7,2020.6000000000001,2024-01-17 14:05:00,3.0499999999999545
New York,Sell,2021.77,2028.79,2014.75,2024-01-17 19:00:00,7.019999999999982
Tokyo,Buy,2009.82,2008.23,2011.4099999999999,2024-01-18 06:15:00,1.5899999999999181
London,Sell,2008.99,2012.47,2005.51,2024-01-18 14:30:00,3.480000000000018
New York,Sell,2009.84,2015.12,2004.56,2024-01-18 19:05:00,5.279999999999973
Tokyo,Sell,2022.36,2024.25,2020.4699999999998,2024-01-19 06:35:00,1.8900000000001
London,Buy,2028.49,2026.24,2030.74,2024-01-19 14:15:00,2.25
New York,Sell,2032.39,2038.15,2026.63,2024-01-19 19:50:00,5.759999999999991
Tokyo,Buy,2028.77,2025.36,2032.18,2024-01-22 06:15:00,3.410000000000082
New York,Sell,2022.84,2029.8,2015.8799999999999,2024-01-22 19:00:00,6.960000000000036
Tokyo,Buy,2022.24,2020.74,2023.74,2024-01-23 06:10:00,1.5
London,Sell,2028.28,2031.71,2024.85,2024-01-23 14:35:00,3.4300000000000637
New York,Sell,2025.13,2030.28,2019.9800000000002,2024-01-23 19:20:00,5.149999999999864
Tokyo,Sell,2027.23,2029.29,2025.17,2024-01-24 06:05:00,2.0599999999999454
London,Buy,2032.63,2028.06,2037.2000000000003,2024-01-24 14:35:00,4.570000000000164
Tokyo,Sell,2014.88,2016.77,2012.9900000000002,2024-01-25 06:30:00,1.8899999999998727
New York,Buy,2018.31,2013.29,2023.33,2024-01-25 19:00:00,5.019999999999982
Tokyo,Buy,2020.97,2019.42,2022.52,2024-01-26 06:15:00,1.5499999999999545
London,Sell,2019.9,2022.29,2017.5100000000002,2024-01-26 14:30:00,2.3899999999998727
New York,Sell,2021.09,2024.29,2017.8899999999999,2024-01-26 19:00:00,3.2000000000000455
Tokyo,Buy,2022.68,2019.2,2026.16,2024-01-29 06:30:00,3.480000000000018
London,Sell,2030.82,2033.64,2027.9999999999998,2024-01-29 14:35:00,2.8200000000001637
New York,Buy,2032.08,2027.61,2036.55,2024-01-29 19:00:00,4.470000000000027
Tokyo,Buy,2033.58,2030.81,2036.35,2024-01-30 06:10:00,2.769999999999982
New York,Buy,2036.88,2033.14,2040.6200000000001,2024-01-30 19:20:00,3.740000000000009
Tokyo,Sell,2036.17,2038.71,2033.63,2024-01-31 06:10:00,2.5399999999999636
London,Buy,2039.81,2036.0,2043.62,2024-01-31 14:10:00,3.8099999999999454
New York,Buy,2040.88,2035.92,2045.8400000000001,2024-01-31 19:10:00,4.960000000000036
Tokyo,Buy,2041.59,2039.18,2043.9999999999998,2024-02-01 06:00:00,2.4099999999998545
New York,Buy,2036.6,2030.72,2042.4799999999998,2024-02-01 19:00:00,5.879999999999882
Tokyo,Buy,2056.64,2054.58,2058.7,2024-02-02 06:05:00,2.0599999999999454
London,Sell,2054.35,2056.9,2051.7999999999997,2024-02-02 14:20:00,2.550000000000182
New York,Sell,2041.33,2057.73,2024.9299999999998,2024-02-02 19:00:00,16.40000000000009
Tokyo,Sell,2034.4,2039.85,2028.9500000000003,2024-02-05 06:05:00,5.449999999999818
London,Sell,2022.75,2027.78,2017.72,2024-02-05 14:45:00,5.029999999999973
New York,Sell,2015.24,2022.77,2007.71,2024-02-05 19:20:00,7.529999999999973
Tokyo,Buy,2026.48,2024.91,2028.05,2024-02-06 06:05:00,1.5699999999999363
London,Sell,2024.41,2026.75,2022.0700000000002,2024-02-06 14:20:00,2.339999999999918
London,Sell,2032.08,2035.36,2028.8,2024-02-07 14:00:00,3.2799999999999727
New York,Buy,2036.03,2032.22,2039.84,2024-02-07 19:05:00,3.8099999999999454
Tokyo,Buy,2037.86,2036.25,2039.4699999999998,2024-02-08 06:35:00,1.6099999999999
London,Sell,2030.12,2033.45,2026.7899999999997,2024-02-08 14:00:00,3.3300000000001546
New York,Sell,2022.93,2026.51,2019.3500000000001,2024-02-08 19:10:00,3.5799999999999272
Tokyo,Sell,2033.14,2034.4,2031.88,2024-02-09 06:10:00,1.259999999999991
New York,Buy,2032.51,2025.47,2039.55,2024-02-09 19:00:00,7.039999999999964
Tokyo,Buy,2026.15,2024.86,2027.4400000000003,2024-02-12 06:30:00,1.290000000000191
London,Sell,2024.71,2027.1,2022.3200000000002,2024-02-12 14:15:00,2.3899999999998727
New York,Sell,2019.87,2027.59,2012.1499999999999,2024-02-12 19:15:00,7.720000000000027
Tokyo,Buy,2020.96,2018.16,2023.76,2024-02-13 06:30:00,2.7999999999999545
London,Buy,2026.13,2024.38,2027.88,2024-02-13 14:25:00,1.75
New York,Sell,2015.68,2029.84,2001.5200000000002,2024-02-13 19:00:00,14.159999999999854
Tokyo,Buy,1993.0,1990.65,1995.35,2024-02-14 06:15:00,2.349999999999909
Tokyo,Sell,1992.9,1994.03,1991.7700000000002,2024-02-15 06:55:00,1.1299999999998818
New York,Sell,1995.73,2000.3,1991.16,2024-02-15 19:00:00,4.569999999999936
Tokyo,Buy,2003.86,2002.52,2005.1999999999998,2024-02-16 06:55:00,1.3399999999999181
London,Sell,2004.12,2005.69,2002.5499999999997,2024-02-16 14:20:00,1.5700000000001637
New York,Sell,1998.84,2007.05,1990.6299999999999,2024-02-16 19:00:00,8.210000000000036
Tokyo,Buy,2018.74,2013.7,2023.78,2024-02-19 06:25:00,5.039999999999964
London,Sell,2019.24,2021.28,2017.2,2024-02-19 14:15:00,2.0399999999999636
New York,Sell,2016.56,2019.36,2013.76,2024-02-19 19:30:00,2.7999999999999545
Tokyo,Buy,2016.51,2014.87,2018.15,2024-02-20 06:05:00,1.6400000000001
London,Buy,2022.91,2020.64,2025.18,2024-02-20 14:25:00,2.269999999999982
New York,Buy,2029.87,2026.01,2033.7299999999998,2024-02-20 19:00:00,3.8599999999999
Tokyo,Buy,2025.13,2022.81,2027.4500000000003,2024-02-21 06:45:00,2.3200000000001637
London,Sell,2026.67,2029.32,2024.0200000000002,2024-02-21 14:05:00,2.6499999999998636
Tokyo,Buy,2026.42,2024.97,2027.8700000000001,2024-02-22 06:05:00,1.4500000000000455
London,Sell,2030.39,2034.86,2025.9200000000003,2024-02-22 14:50:00,4.4699999999998
New York,Sell,2024.77,2028.68,2020.86,2024-02-22 19:20:00,3.910000000000082
Tokyo,Sell,2023.42,2026.1,2020.7400000000002,2024-02-23 06:05:00,2.6799999999998363
London,Sell,2019.99,2022.67,2017.31,2024-02-23 14:05:00,2.6800000000000637
Tokyo,Sell,2031.1,2034.09,2028.11,2024-02-26 06:00:00,2.990000000000009
London,Sell,2033.94,2036.38,2031.5,2024-02-26 14:30:00,2.4400000000000546
New York,Buy,2033.96,2031.52,2036.4,2024-02-26 19:05:00,2.4400000000000546
Tokyo,Sell,2031.12,2032.53,2029.7099999999998,2024-02-27 06:15:00,1.4100000000000819
London,Buy,2037.82,2034.54,2041.1,2024-02-27 14:00:00,3.2799999999999727
New York,Sell,2035.69,2038.72,2032.66,2024-02-27 19:10:00,3.0299999999999727
Tokyo,Buy,2030.96,2029.07,2032.8500000000001,2024-02-28 06:15:00,1.8900000000001
London,Sell,2027.39,2029.32,2025.4600000000003,2024-02-28 14:15:00,1.9299999999998363
New York,Buy,2034.85,2028.98,2040.7199999999998,2024-02-28 19:00:00,5.869999999999891
Tokyo,Sell,2034.33,2035.59,2033.07,2024-02-29 06:00:00,1.259999999999991
London,Sell,2035.37,2037.37,2033.37,2024-02-29 14:45:00,2.0
New York,Buy,2037.86,2030.11,2045.61,2024-02-29 19:00:00,7.75
London,Sell,2041.35,2045.64,2037.0599999999997,2024-03-01 14:00:00,4.290000000000191
New York,Buy,2053.98,2049.96,2058.0,2024-03-01 19:00:00,4.019999999999982
Tokyo,Sell,2081.71,2084.21,2079.21,2024-03-04 06:30:00,2.5
London,Sell,2083.64,2087.55,2079.7299999999996,2024-03-04 14:55:00,3.9100000000003092
New York,Buy,2085.7,2081.07,2090.3299999999995,2024-03-04 19:00:00,4.629999999999654
Tokyo,Sell,2113.41,2115.88,2110.9399999999996,2024-03-05 06:45:00,2.4700000000002547
London,Buy,2121.29,2114.53,2128.0499999999997,2024-03-05 14:00:00,6.7599999999997635
New York,Buy,2139.78,2124.14,2155.4200000000005,2024-03-05 19:00:00,15.640000000000327
Tokyo,Sell,2125.58,2128.16,2123.0,2024-03-06 06:55:00,2.5799999999999272
London,Sell,2125.94,2129.27,2122.61,2024-03-06 14:00:00,3.3299999999999272
New York,Buy,2139.34,2132.94,2145.7400000000002,2024-03-06 19:25:00,6.400000000000091
Tokyo,Sell,2146.39,2149.69,2143.0899999999997,2024-03-07 06:30:00,3.300000000000182
London,Buy,2158.8,2155.28,2162.32,2024-03-07 14:00:00,3.519999999999982
New York,Sell,2156.6,2164.76,2148.4399999999996,2024-03-07 19:30:00,8.16000000000031
Tokyo,Buy,2163.17,2160.11,2166.23,2024-03-08 06:00:00,3.0599999999999454
London,Buy,2166.32,2161.04,2171.6000000000004,2024-03-08 14:35:00,5.2800000000002
New York,Buy,2178.23,2162.25,2194.21,2024-03-08 19:00:00,15.980000000000018
Tokyo,Buy,2184.58,2179.41,2189.75,2024-03-11 06:05:00,5.170000000000073
London,Sell,2178.59,2183.17,2174.01,2024-03-11 14:05:00,4.579999999999927
New York,Buy,2179.77,2174.72,2184.82,2024-03-11 19:00:00,5.050000000000182
Tokyo,Sell,2181.75,2184.57,2178.93,2024-03-12 06:00:00,2.8200000000001637
London,Sell,2176.21,2177.83,2174.59,2024-03-12 14:15:00,1.6199999999998909
New York,Sell,2157.14,2169.92,2144.3599999999997,2024-03-12 19:05:00,12.7800000000002
Tokyo,Buy,2159.87,2156.51,2163.2299999999996,2024-03-13 06:00:00,3.3599999999996726
London,Sell,2158.18,2161.13,2155.2299999999996,2024-03-13 14:25:00,2.950000000000273
New York,Buy,2166.15,2161.51,2170.79,2024-03-13 19:00:00,4.639999999999873
Tokyo,Buy,2175.91,2174.01,2177.8099999999995,2024-03-14 06:20:00,1.8999999999996362
New York,Sell,2161.33,2167.2,2155.46,2024-03-14 19:00:00,5.869999999999891
Tokyo,Buy,2162.29,2160.57,2164.0099999999998,2024-03-15 06:10:00,1.7199999999998
London,Buy,2168.5,2165.38,2171.62,2024-03-15 14:15:00,3.119999999999891
New York,Sell,2157.73,2163.32,2152.14,2024-03-15 19:00:00,5.5900000000001455
Tokyo,Buy,2157.06,2154.99,2159.13,2024-03-18 06:20:00,2.0700000000001637
London,Buy,2154.8,2150.18,2159.4200000000005,2024-03-18 14:35:00,4.620000000000346
New York,Sell,2155.78,2161.06,2150.5000000000005,2024-03-18 19:10:00,5.279999999999745
Tokyo,Sell,2161.02,2162.77,2159.27,2024-03-19 06:20:00,1.75
New York,Sell,2154.42,2158.67,2150.17,2024-03-19 19:00:00,4.25
Tokyo,Sell,2155.2,2157.19,2153.2099999999996,2024-03-20 06:05:00,1.9900000000002365
New York,Buy,2156.35,2151.17,2161.5299999999997,2024-03-20 19:20:00,5.179999999999836
Tokyo,Sell,2193.78,2203.96,2183.6000000000004,2024-03-21 06:05:00,10.179999999999836
London,Sell,2202.09,2206.73,2197.4500000000003,2024-03-21 14:00:00,4.639999999999873
New York,Sell,2199.88,2208.1,2191.6600000000003,2024-03-21 19:00:00,8.2199999999998
Tokyo,Buy,2184.85,2180.95,2188.75,2024-03-22 06:00:00,3.900000000000091
London,Buy,2169.62,2164.94,2174.2999999999997,2024-03-22 14:35:00,4.679999999999836
New York,Buy,2179.18,2172.55,2185.8099999999995,2024-03-22 19:15:00,6.629999999999654
Tokyo,Buy,2171.17,2163.99,2178.3500000000004,2024-03-25 06:45:00,7.180000000000291
London,Sell,2164.08,2169.01,2159.1499999999996,2024-03-25 14:10:00,4.930000000000291
New York,Buy,2177.57,2172.97,2182.1700000000005,2024-03-25 19:00:00,4.600000000000364
Tokyo,Buy,2173.58,2172.27,2174.89,2024-03-26 06:00:00,1.3099999999999454
London,Buy,2178.11,2171.59,2184.63,2024-03-26 14:00:00,6.519999999999982
New York,Sell,2180.78,2192.91,2168.6500000000005,2024-03-26 19:10:00,12.129999999999654
Tokyo,Sell,2177.01,2180.12,2173.9000000000005,2024-03-27 06:00:00,3.1099999999996726
London,Sell,2179.19,2182.65,2175.73,2024-03-27 14:00:00,3.4600000000000364
New York,Buy,2187.75,2183.5,2192.0,2024-03-27 19:00:00,4.25
London,Buy,2195.99,2190.86,2201.1199999999994,2024-03-28 14:05:00,5.129999999999654
New York,Sell,2207.97,2217.09,2198.8499999999995,2024-03-28 19:00:00,9.120000000000346
Tokyo,Buy,2242.01,2235.57,2248.4500000000003,2024-04-01 06:00:00,6.440000000000055
London,Buy,2262.69,2259.18,2266.2000000000003,2024-04-01 14:00:00,3.5100000000002183
New York,Buy,2248.75,2243.59,2253.91,2024-04-01 19:00:00,5.1599999999998545
Tokyo,Sell,2249.53,2253.53,2245.53,2024-04-02 06:20:00,4.0
London,Buy,2257.06,2253.41,2260.71,2024-04-02 14:15:00,3.650000000000091
Tokyo,Sell,2279.17,2283.66,2274.6800000000003,2024-04-03 06:00:00,4.489999999999782
London,Sell,2270.26,2281.99,2258.5300000000007,2024-04-03 14:30:00,11.729999999999563
New York,Buy,2274.92,2265.42,2284.42,2024-04-03 19:25:00,9.5
Tokyo,Sell,2299.02,2301.68,2296.36,2024-04-04 06:00:00,2.6599999999998545
London,Sell,2292.63,2297.36,2287.9,2024-04-04 14:20:00,4.730000000000018
New York,Sell,2283.01,2289.97,2276.0500000000006,2024-04-04 19:10:00,6.959999999999582
Tokyo,Sell,2289.43,2291.14,2287.72,2024-04-05 06:15:00,1.7100000000000364
London,Buy,2287.11,2279.08,2295.1400000000003,2024-04-05 14:10:00,8.0300000000002
New York,Sell,2286.16,2295.52,2276.7999999999997,2024-04-05 19:00:00,9.360000000000127
London,Buy,2339.05,2333.75,2344.3500000000004,2024-04-08 14:30:00,5.300000000000182
Tokyo,Sell,2338.26,2340.43,2336.0900000000006,2024-04-09 06:20:00,2.169999999999618
Tokyo,Buy,2354.4,2351.44,2357.36,2024-04-10 06:20:00,2.9600000000000364
London,Sell,2354.26,2357.69,2350.8300000000004,2024-04-10 14:10:00,3.4299999999998363
New York,Sell,2329.7,2350.69,2308.7099999999996,2024-04-10 19:00:00,20.990000000000236
Tokyo,Buy,2336.67,2334.07,2339.27,2024-04-11 06:00:00,2.599999999999909
London,Sell,2335.03,2340.71,2329.3500000000004,2024-04-11 14:35:00,5.679999999999836
New York,Buy,2342.18,2331.69,2352.6699999999996,2024-04-11 19:00:00,10.489999999999782
Tokyo,Buy,2376.77,2373.81,2379.73,2024-04-12 06:25:00,2.9600000000000364
London,Buy,2399.88,2393.53,2406.23,2024-04-12 14:25:00,6.349999999999909
New York,Buy,2399.42,2391.56,2407.28,2024-04-12 19:30:00,7.860000000000127
Tokyo,Buy,2360.72,2354.82,2366.6199999999994,2024-04-15 06:05:00,5.899999999999636
London,Sell,2349.74,2356.39,2343.0899999999997,2024-04-15 14:55:00,6.650000000000091
New York,Sell,2353.41,2359.25,2347.5699999999997,2024-04-15 19:00:00,5.8400000000001455
Tokyo,Sell,2382.15,2387.14,2377.1600000000003,2024-04-16 06:15:00,4.989999999999782
London,Sell,2365.45,2375.21,2355.6899999999996,2024-04-16 14:20:00,9.760000000000218
New York,Buy,2376.24,2368.57,2383.9099999999994,2024-04-16 19:10:00,7.669999999999618
Tokyo,Sell,2382.58,2386.75,2378.41,2024-04-17 06:25:00,4.170000000000073
London,Buy,2382.36,2378.07,2386.65,2024-04-17 14:15:00,4.289999999999964
New York,Sell,2382.54,2387.99,2377.09,2024-04-17 19:00:00,5.449999999999818
Tokyo,Buy,2367.5,2363.53,2371.47,2024-04-18 06:20:00,3.9699999999998
London,Sell,2376.17,2380.93,2371.4100000000003,2024-04-18 14:00:00,4.7599999999997635
New York,Buy,2389.4,2380.91,2397.8900000000003,2024-04-18 19:50:00,8.490000000000236
Tokyo,Buy,2381.04,2378.96,2383.12,2024-04-19 06:15:00,2.0799999999999272
London,Sell,2385.31,2393.82,2376.7999999999997,2024-04-19 14:25:00,8.510000000000218
New York,Buy,2383.16,2374.55,2391.7699999999995,2024-04-19 19:00:00,8.609999999999673
London,Buy,2359.13,2354.96,2363.3,2024-04-22 14:05:00,4.170000000000073
New York,Buy,2350.21,2337.32,2363.1,2024-04-22 19:00:00,12.889999999999873
Tokyo,Buy,2331.13,2328.08,2334.1800000000003,2024-04-23 06:00:00,3.050000000000182
London,Buy,2310.2,2301.32,2319.0799999999995,2024-04-23 14:05:00,8.879999999999654
New York,Buy,2313.14,2301.3,2324.9799999999996,2024-04-23 19:05:00,11.83999999999969
London,Sell,2321.23,2326.71,2315.75,2024-04-24 14:10:00,5.480000000000018
New York,Buy,2319.4,2312.11,2326.69,2024-04-24 19:05:00,7.289999999999964
London,Buy,2323.5,2320.27,2326.73,2024-04-25 14:15:00,3.230000000000018
New York,Buy,2333.37,2324.6,2342.14,2024-04-25 19:20:00,8.769999999999982
Tokyo,Sell,2330.16,2332.51,2327.8099999999995,2024-04-26 06:00:00,2.350000000000364
London,Buy,2347.03,2338.1,2355.9600000000005,2024-04-26 14:40:00,8.930000000000291
New York,Buy,2346.01,2342.15,2349.8700000000003,2024-04-26 19:00:00,3.8600000000001273
Tokyo,Buy,2336.48,2334.18,2338.78,2024-04-29 06:05:00,2.300000000000182
London,Buy,2336.51,2329.14,2343.8800000000006,2024-04-29 14:00:00,7.370000000000346
New York,Sell,2331.99,2337.52,2326.4599999999996,2024-04-29 19:00:00,5.5300000000002
Tokyo,Sell,2332.07,2334.89,2329.2500000000005,2024-04-30 06:30:00,2.819999999999709
London,Sell,2316.87,2322.43,2311.31,2024-04-30 14:00:00,5.559999999999945
New York,Sell,2307.57,2313.39,2301.7500000000005,2024-04-30 19:00:00,5.819999999999709
Tokyo,Buy,2292.52,2290.82,2294.22,2024-05-01 06:05:00,1.699999999999818
London,Sell,2285.92,2287.96,2283.88,2024-05-01 14:00:00,2.0399999999999636
New York,Buy,2298.79,2294.22,2303.36,2024-05-01 19:15:00,4.570000000000164
Tokyo,Buy,2324.01,2320.69,2327.3300000000004,2024-05-02 06:15:00,3.3200000000001637
London,Sell,2307.63,2315.05,2300.21,2024-05-02 14:40:00,7.420000000000073
New York,Sell,2294.5,2304.19,2284.81,2024-05-02 19:25:00,9.690000000000055
Tokyo,Sell,2302.69,2304.45,2300.9300000000003,2024-05-03 06:00:00,1.7599999999997635
London,Buy,2302.06,2297.77,2306.35,2024-05-03 14:35:00,4.289999999999964
New York,Buy,2315.23,2294.66,2335.8,2024-05-03 19:00:00,20.570000000000164
Tokyo,Sell,2294.75,2302.84,2286.66,2024-05-06 06:00:00,8.090000000000146
London,Buy,2318.92,2312.39,2325.4500000000003,2024-05-06 14:00:00,6.5300000000002
New York,Buy,2321.44,2314.54,2328.34,2024-05-06 19:05:00,6.900000000000091
Tokyo,Buy,2326.96,2322.13,2331.79,2024-05-07 06:30:00,4.829999999999927
London,Buy,2321.37,2317.75,2324.99,2024-05-07 14:05:00,3.619999999999891
New York,Buy,2314.71,2310.01,2319.41,2024-05-07 19:00:00,4.699999999999818
Tokyo,Buy,2315.64,2314.07,2317.2099999999996,2024-05-08 06:05:00,1.569999999999709
London,Sell,2310.43,2314.89,2305.97,2024-05-08 14:05:00,4.460000000000036
New York,Sell,2312.81,2318.9,2306.72,2024-05-08 19:40:00,6.0900000000001455
Tokyo,Sell,2307.95,2309.87,2306.0299999999997,2024-05-09 06:20:00,1.9200000000000728
London,Sell,2308.81,2314.94,2302.68,2024-05-09 14:10:00,6.130000000000109
New York,Buy,2323.16,2314.61,2331.7099999999996,2024-05-09 19:00:00,8.549999999999727
Tokyo,Sell,2346.25,2348.26,2344.24,2024-05-10 06:30:00,2.0100000000002183
London,Sell,2365.01,2370.4,2359.6200000000003,2024-05-10 14:05:00,5.389999999999873
New York,Sell,2364.79,2375.65,2353.93,2024-05-10 19:25:00,10.860000000000127
Tokyo,Sell,2360.72,2362.49,2358.95,2024-05-13 06:05:00,1.7699999999999818
London,Sell,2346.91,2351.23,2342.5899999999997,2024-05-13 14:10:00,4.320000000000164
Tokyo,Sell,2337.49,2338.28,2336.6999999999994,2024-05-14 06:05:00,0.7900000000004184
New York,Sell,2341.25,2348.3,2334.2,2024-05-14 19:00:00,7.050000000000182
Tokyo,Sell,2356.09,2357.48,2354.7000000000003,2024-05-15 06:05:00,1.3899999999998727
London,Buy,2364.06,2358.46,2369.66,2024-05-15 14:00:00,5.599999999999909
New York,Buy,2370.71,2358.25,2383.17,2024-05-15 19:00:00,12.460000000000036
Tokyo,Buy,2391.58,2388.81,2394.35,2024-05-16 06:20:00,2.769999999999982
London,Buy,2390.25,2384.54,2395.96,2024-05-16 14:10:00,5.710000000000036
New York,Sell,2379.95,2386.26,2373.6399999999994,2024-05-16 19:05:00,6.3100000000004
Tokyo,Sell,2377.83,2379.69,2375.97,2024-05-17 06:25:00,1.8600000000001273
London,Sell,2384.8,2387.84,2381.76,2024-05-17 14:00:00,3.0399999999999636
New York,Sell,2387.16,2390.48,2383.8399999999997,2024-05-17 19:05:00,3.3200000000001637
Tokyo,Buy,2420.25,2417.13,2423.37,2024-05-20 06:25:00,3.119999999999891
New York,Sell,2410.09,2430.84,2389.34,2024-05-20 19:10:00,20.75
Tokyo,Sell,2426.02,2428.63,2423.41,2024-05-21 06:05:00,2.6100000000001273
London,Buy,2419.17,2408.7,2429.6400000000003,2024-05-21 14:00:00,10.470000000000255
New York,Buy,2428.94,2422.44,2435.44,2024-05-21 19:05:00,6.5
Tokyo,Buy,2422.36,2421.4,2423.32,2024-05-22 06:30:00,0.9600000000000364
London,Sell,2412.53,2418.58,2406.4800000000005,2024-05-22 14:50:00,6.049999999999727
Tokyo,Buy,2382.29,2380.4,2384.18,2024-05-23 06:00:00,1.8899999999998727
London,Sell,2360.52,2364.83,2356.21,2024-05-23 14:00:00,4.309999999999945
New York,Sell,2363.46,2369.34,2357.58,2024-05-23 19:00:00,5.880000000000109
Tokyo,Buy,2332.19,2330.49,2333.8900000000003,2024-05-24 06:05:00,1.7000000000002728
London,Sell,2337.23,2340.61,2333.85,2024-05-24 14:00:00,3.380000000000109
New York,Buy,2342.25,2337.57,2346.93,2024-05-24 19:35:00,4.679999999999836
Tokyo,Sell,2337.83,2340.75,2334.91,2024-05-27 06:05:00,2.9200000000000728
London,Sell,2338.9,2341.59,2336.21,2024-05-27 14:05:00,2.6900000000000546
New York,Buy,2350.39,2343.72,2357.06,2024-05-27 19:45:00,6.670000000000073
London,Sell,2340.8,2344.91,2336.6900000000005,2024-05-28 14:40:00,4.109999999999673
New York,Buy,2356.78,2345.96,2367.6000000000004,2024-05-28 19:05:00,10.820000000000164
Tokyo,Buy,2360.12,2358.12,2362.12,2024-05-29 06:00:00,2.0
London,Sell,2352.06,2356.23,2347.89,2024-05-29 14:05:00,4.170000000000073
New York,Buy,2343.16,2338.68,2347.64,2024-05-29 19:00:00,4.480000000000018
Tokyo,Sell,2336.85,2339.1,2334.6,2024-05-30 06:30:00,2.25
New York,Buy,2341.59,2332.04,2351.1400000000003,2024-05-30 19:00:00,9.550000000000182
Tokyo,Sell,2343.37,2346.44,2340.2999999999997,2024-05-31 06:20:00,3.0700000000001637
London,Sell,2342.48,2345.79,2339.17,2024-05-31 14:00:00,3.3099999999999454
New York,Buy,2349.35,2342.48,2356.22,2024-05-31 19:00:00,6.869999999999891
Tokyo,Sell,2324.63,2326.82,2322.44,2024-06-03 06:05:00,2.1900000000000546
New York,Buy,2332.42,2325.76,2339.08,2024-06-03 19:00:00,6.6599999999998545
Tokyo,Buy,2351.4,2349.96,2352.84,2024-06-04 06:30:00,1.4400000000000546
London,Sell,2342.06,2345.12,2339.0,2024-06-04 14:05:00,3.0599999999999454
New York,Buy,2333.49,2326.66,2340.3199999999997,2024-06-04 19:20:00,6.829999999999927
Tokyo,Buy,2328.5,2327.6,2329.4,2024-06-05 06:20:00,0.900000000000091
London,Buy,2334.4,2329.22,2339.5800000000004,2024-06-05 14:40:00,5.180000000000291
New York,Buy,2337.85,2332.19,2343.5099999999998,2024-06-05 19:05:00,5.6599999999998545
Tokyo,Sell,2355.59,2357.59,2353.59,2024-06-06 06:10:00,2.0
London,Sell,2363.22,2368.33,2358.1099999999997,2024-06-06 14:10:00,5.110000000000127
New York,Sell,2356.5,2361.62,2351.38,2024-06-06 19:20:00,5.119999999999891
London,Sell,2374.64,2379.32,2369.9599999999996,2024-06-07 14:00:00,4.680000000000291
New York,Sell,2320.41,2339.35,2301.47,2024-06-07 19:00:00,18.940000000000055
Tokyo,Buy,2299.9,2296.55,2303.25,2024-06-10 06:05:00,3.349999999999909
London,Buy,2297.02,2290.54,2303.5,2024-06-10 14:20:00,6.480000000000018
Tokyo,Buy,2310.23,2309.38,2311.08,2024-06-11 06:05:00,0.849999999999909
London,Buy,2305.48,2301.73,2309.23,2024-06-11 14:35:00,3.75
New York,Buy,2316.45,2307.66,2325.24,2024-06-11 19:00:00,8.789999999999964
Tokyo,Sell,2314.41,2317.49,2311.33,2024-06-12 06:05:00,3.0799999999999272
London,Sell,2311.86,2315.43,2308.2900000000004,2024-06-12 14:05:00,3.569999999999709
New York,Buy,2324.56,2311.65,2337.47,2024-06-12 19:00:00,12.909999999999854
Tokyo,Sell,2320.6,2322.34,2318.8599999999997,2024-06-13 06:25:00,1.7400000000002365
London,Buy,2317.79,2313.36,2322.22,2024-06-13 14:15:00,4.429999999999836
New York,Buy,2319.89,2305.58,2334.2,2024-06-13 19:00:00,14.309999999999945
Tokyo,Sell,2301.91,2303.29,2300.5299999999997,2024-06-14 06:15:00,1.3800000000001091
London,Buy,2313.71,2309.44,2317.98,2024-06-14 14:05:00,4.269999999999982
New York,Sell,2327.81,2333.45,2322.17,2024-06-14 19:55:00,5.639999999999873
Tokyo,Buy,2329.22,2327.47,2330.97,2024-06-17 06:05:00,1.75
London,Buy,2319.84,2316.48,2323.2000000000003,2024-06-17 14:00:00,3.3600000000001273
New York,Sell,2317.03,2320.38,2313.6800000000003,2024-06-17 19:00:00,3.349999999999909
Tokyo,Buy,2322.19,2319.2,2325.1800000000003,2024-06-18 06:30:00,2.9900000000002365
London,Sell,2316.76,2320.16,2313.3600000000006,2024-06-18 14:10:00,3.399999999999636
New York,Buy,2317.0,2311.58,2322.42,2024-06-18 19:00:00,5.420000000000073
Tokyo,Buy,2329.6,2328.17,2331.0299999999997,2024-06-19 06:40:00,1.4299999999998363
London,Buy,2333.02,2329.78,2336.2599999999998,2024-06-19 14:30:00,3.2399999999997817
New York,Sell,2326.67,2332.94,2320.4,2024-06-19 19:00:00,6.269999999999982
Tokyo,Sell,2328.87,2330.43,2327.31,2024-06-20 06:50:00,1.5599999999999454
London,Sell,2341.22,2344.55,2337.8899999999994,2024-06-20 14:10:00,3.330000000000382
New York,Sell,2337.47,2341.91,2333.0299999999997,2024-06-20 19:05:00,4.440000000000055
Tokyo,Buy,2361.27,2358.91,2363.63,2024-06-21 06:30:00,2.3600000000001273
London,Buy,2358.86,2355.14,2362.5800000000004,2024-06-21 14:00:00,3.7200000000002547
New York,Sell,2363.35,2368.06,2358.64,2024-06-21 19:00:00,4.710000000000036
Tokyo,Sell,2319.45,2321.46,2317.4399999999996,2024-06-24 06:10:00,2.0100000000002183
London,Buy,2329.15,2321.83,2336.4700000000003,2024-06-24 14:00:00,7.320000000000164
New York,Buy,2327.14,2323.34,2330.9399999999996,2024-06-24 19:20:00,3.799999999999727
Tokyo,Sell,2329.93,2331.97,2327.89,2024-06-25 06:35:00,2.0399999999999636
London,Sell,2324.68,2327.71,2321.6499999999996,2024-06-25 14:10:00,3.0300000000002
New York,Sell,2326.23,2330.47,2321.9900000000002,2024-06-25 19:05:00,4.239999999999782
Tokyo,Buy,2321.65,2318.77,2324.53,2024-06-26 06:40:00,2.880000000000109
New York,Sell,2310.13,2317.12,2303.1400000000003,2024-06-26 19:25:00,6.989999999999782
Tokyo,Sell,2297.63,2298.6,2296.6600000000003,2024-06-27 06:00:00,0.9699999999997999
London,Buy,2303.51,2300.03,2306.9900000000002,2024-06-27 14:30:00,3.480000000000018
New York,Buy,2323.97,2316.15,2331.7899999999995,2024-06-27 19:05:00,7.819999999999709
Tokyo,Buy,2327.5,2326.51,2328.49,2024-06-28 06:00:00,0.9899999999997817
London,Sell,2325.35,2328.3,2322.3999999999996,2024-06-28 14:00:00,2.950000000000273
New York,Buy,2336.9,2332.24,2341.5600000000004,2024-06-28 19:00:00,4.660000000000309
Tokyo,Buy,2325.82,2323.08,2328.5600000000004,2024-07-01 06:05:00,2.7400000000002365
London,Sell,2323.58,2326.99,2320.17,2024-07-01 14:25:00,3.4099999999998545
New York,Sell,2334.32,2338.53,2330.11,2024-07-01 19:00:00,4.210000000000036
Tokyo,Buy,2333.53,2331.81,2335.2500000000005,2024-07-02 06:30:00,1.7200000000002547
London,Buy,2330.79,2323.36,2338.22,2024-07-02 14:25:00,7.429999999999836
Tokyo,Sell,2329.99,2331.51,2328.4699999999993,2024-07-03 06:00:00,1.5200000000004366
London,Sell,2339.44,2344.34,2334.54,2024-07-03 14:05:00,4.900000000000091
New York,Buy,2352.31,2345.0,2359.62,2024-07-03 19:00:00,7.309999999999945
Tokyo,Buy,2359.08,2357.71,2360.45,2024-07-04 06:05:00,1.3699999999998909
London,Buy,2357.23,2353.67,2360.79,2024-07-04 14:10:00,3.5599999999999454
New York,Sell,2357.23,2360.43,2354.03,2024-07-04 19:00:00,3.199999999999818
Tokyo,Sell,2356.66,2357.48,2355.8399999999997,2024-07-05 06:20:00,0.8200000000001637
London,Buy,2365.03,2362.28,2367.78,2024-07-05 14:05:00,2.75
New York,Buy,2370.23,2365.84,2374.62,2024-07-05 19:00:00,4.389999999999873
Tokyo,Buy,2386.54,2384.75,2388.33,2024-07-08 06:10:00,1.7899999999999636
New York,Sell,2373.7,2377.54,2369.8599999999997,2024-07-08 19:00:00,3.8400000000001455
Tokyo,Buy,2361.39,2359.77,2363.0099999999998,2024-07-09 06:00:00,1.6199999999998909
New York,Buy,2362.23,2356.32,2368.14,2024-07-09 19:30:00,5.9099999999998545
Tokyo,Buy,2365.94,2364.35,2367.53,2024-07-10 06:00:00,1.5900000000001455
New York,Buy,2381.65,2377.26,2386.04,2024-07-10 19:05:00,4.389999999999873
Tokyo,Sell,2372.32,2372.92,2371.7200000000003,2024-07-11 06:10:00,0.599999999999909
London,Buy,2383.07,2378.84,2387.3,2024-07-11 14:35:00,4.230000000000018
New York,Buy,2399.69,2380.04,2419.34,2024-07-11 19:00:00,19.65000000000009
Tokyo,Sell,2412.21,2414.94,2409.48,2024-07-12 06:05:00,2.730000000000018
London,Buy,2405.74,2400.35,2411.1299999999997,2024-07-12 14:35:00,5.389999999999873
New York,Sell,2395.93,2404.33,2387.5299999999997,2024-07-12 19:00:00,8.400000000000091
Tokyo,Buy,2408.7,2405.96,2411.4399999999996,2024-07-15 06:25:00,2.7399999999997817
London,Buy,2404.93,2401.32,2408.5399999999995,2024-07-15 14:05:00,3.6099999999996726
New York,Sell,2414.21,2420.86,2407.56,2024-07-15 19:05:00,6.650000000000091
Tokyo,Buy,2422.58,2420.94,2424.22,2024-07-16 06:25:00,1.6399999999998727
London,Buy,2437.17,2432.6,2441.7400000000002,2024-07-16 14:10:00,4.570000000000164
New York,Sell,2438.97,2444.02,2433.9199999999996,2024-07-16 19:00:00,5.050000000000182
Tokyo,Sell,2467.81,2469.75,2465.87,2024-07-17 06:15:00,1.9400000000000546
London,Buy,2468.21,2464.2,2472.2200000000003,2024-07-17 14:00:00,4.010000000000218
New York,Buy,2478.31,2468.76,2487.8599999999997,2024-07-17 19:35:00,9.549999999999727
Tokyo,Buy,2461.45,2459.13,2463.7699999999995,2024-07-18 06:10:00,2.319999999999709
London,Sell,2470.01,2474.92,2465.1000000000004,2024-07-18 14:55:00,4.9099999999998545
New York,Buy,2468.78,2463.8,2473.76,2024-07-18 19:00:00,4.980000000000018
Tokyo,Sell,2443.7,2445.16,2442.24,2024-07-19 06:15:00,1.4600000000000364
New York,Sell,2404.12,2410.14,2398.1,2024-07-19 19:00:00,6.019999999999982
London,Sell,2441.1,2444.81,2437.39,2024-08-01 14:15:00,3.7100000000000364
New York,Buy,2453.82,2440.22,2467.4200000000005,2024-08-01 19:00:00,13.600000000000364
Tokyo,Buy,2446.84,2443.97,2449.7100000000005,2024-08-02 06:45:00,2.8700000000003456
New York,Buy,2473.33,2455.34,2491.3199999999997,2024-08-02 19:00:00,17.98999999999978
Tokyo,Sell,2439.32,2445.62,2433.0200000000004,2024-08-05 06:15:00,6.299999999999727
Tokyo,Sell,2407.82,2409.92,2405.7200000000003,2024-08-06 06:05:00,2.099999999999909
London,Buy,2408.49,2401.44,2415.5399999999995,2024-08-06 14:10:00,7.049999999999727
New York,Sell,2397.46,2412.17,2382.75,2024-08-06 19:00:00,14.710000000000036
Tokyo,Sell,2384.69,2389.57,2379.81,2024-08-07 06:15:00,4.880000000000109
London,Sell,2390.56,2394.82,2386.2999999999997,2024-08-07 14:00:00,4.260000000000218
New York,Buy,2406.76,2399.06,2414.4600000000005,2024-08-07 19:15:00,7.700000000000273
Tokyo,Buy,2386.19,2382.69,2389.69,2024-08-08 06:50:00,3.5
London,Sell,2394.54,2400.2,2388.88,2024-08-08 14:55:00,5.6599999999998545
New York,Sell,2409.53,2415.38,2403.6800000000003,2024-08-08 19:00:00,5.849999999999909
London,Buy,2426.36,2420.23,2432.4900000000002,2024-08-09 14:15:00,6.130000000000109
New York,Buy,2428.37,2423.7,2433.04,2024-08-09 19:10:00,4.670000000000073
Tokyo,Sell,2427.26,2430.51,2424.01,2024-08-12 06:30:00,3.25
London,Buy,2440.12,2435.43,2444.81,2024-08-12 14:05:00,4.690000000000055
New York,Buy,2444.59,2441.32,2447.86,2024-08-12 19:00:00,3.269999999999982
Tokyo,Buy,2475.03,2472.65,2477.4100000000003,2024-08-13 06:20:00,2.380000000000109
London,Buy,2465.75,2460.75,2470.75,2024-08-13 14:00:00,5.0
New York,Buy,2470.25,2464.25,2476.25,2024-08-13 19:00:00,6.0
Tokyo,Sell,2463.65,2465.39,2461.9100000000003,2024-08-14 06:05:00,1.7399999999997817
London,Buy,2470.53,2466.26,2474.8,2024-08-14 14:10:00,4.269999999999982
New York,Sell,2465.51,2475.03,2455.9900000000002,2024-08-14 19:00:00,9.519999999999982
Tokyo,Buy,2448.81,2447.1,2450.52,2024-08-15 06:05:00,1.7100000000000364
London,Sell,2454.15,2456.48,2451.82,2024-08-15 14:45:00,2.3299999999999272
New York,Sell,2458.95,2469.95,2447.95,2024-08-15 19:00:00,11.0
Tokyo,Buy,2457.04,2454.28,2459.7999999999997,2024-08-16 06:00:00,2.7599999999997635
London,Sell,2451.59,2455.17,2448.01,2024-08-16 14:00:00,3.5799999999999272
New York,Buy,2476.18,2471.21,2481.1499999999996,2024-08-16 19:00:00,4.9699999999998
Tokyo,Buy,2505.51,2503.71,2507.3100000000004,2024-08-19 06:15:00,1.800000000000182
London,Sell,2500.08,2504.73,2495.43,2024-08-19 14:00:00,4.650000000000091
New York,Sell,2491.92,2495.37,2488.4700000000003,2024-08-19 19:00:00,3.449999999999818
Tokyo,Buy,2504.31,2502.38,2506.24,2024-08-20 06:30:00,1.9299999999998363
London,Buy,2508.9,2501.12,2516.6800000000003,2024-08-20 14:05:00,7.7800000000002
New York,Sell,2522.52,2528.57,2516.47,2024-08-20 19:05:00,6.050000000000182
Tokyo,Sell,2512.84,2515.91,2509.7700000000004,2024-08-21 06:25:00,3.069999999999709
London,Sell,2511.56,2516.88,2506.24,2024-08-21 14:00:00,5.320000000000164
New York,Sell,2509.6,2513.59,2505.6099999999997,2024-08-21 19:00:00,3.9900000000002365
Tokyo,Sell,2513.08,2514.33,2511.83,2024-08-22 06:05:00,1.25
London,Sell,2503.24,2509.38,2497.0999999999995,2024-08-22 14:45:00,6.140000000000327
New York,Buy,2503.52,2496.11,2510.93,2024-08-22 19:05:00,7.4099999999998545
Tokyo,Buy,2486.09,2484.86,2487.32,2024-08-23 06:05:00,1.2300000000000182
London,Buy,2495.72,2491.61,2499.8299999999995,2024-08-23 14:35:00,4.109999999999673
New York,Buy,2502.45,2498.28,2506.6199999999994,2024-08-23 19:45:00,4.169999999999618
London,Buy,2519.21,2514.03,2524.39,2024-08-26 14:00:00,5.179999999999836
New York,Sell,2521.48,2526.67,2516.29,2024-08-26 19:30:00,5.190000000000055
Tokyo,Sell,2516.42,2517.6,2515.2400000000002,2024-08-27 06:05:00,1.1799999999998363
London,Sell,2509.49,2517.43,2501.5499999999997,2024-08-27 14:00:00,7.940000000000055
New York,Sell,2508.56,2514.24,2502.88,2024-08-27 19:00:00,5.679999999999836
Tokyo,Sell,2524.98,2528.9,2521.06,2024-08-28 06:05:00,3.9200000000000728
London,Sell,2506.4,2510.87,2501.9300000000003,2024-08-28 14:35:00,4.4699999999998
New York,Sell,2494.56,2501.47,2487.65,2024-08-28 19:00:00,6.9099999999998545
Tokyo,Buy,2508.02,2506.27,2509.77,2024-08-29 06:25:00,1.75
London,Sell,2515.54,2518.32,2512.7599999999998,2024-08-29 14:10:00,2.7800000000002
New York,Sell,2510.7,2519.79,2501.6099999999997,2024-08-29 19:00:00,9.090000000000146
Tokyo,Sell,2519.66,2520.84,2518.4799999999996,2024-08-30 06:00:00,1.180000000000291
London,Buy,2522.0,2517.52,2526.48,2024-08-30 14:35:00,4.480000000000018
New York,Sell,2517.06,2524.58,2509.54,2024-08-30 19:10:00,7.519999999999982
London,Buy,2500.18,2496.34,2504.0199999999995,2024-09-02 14:30:00,3.8399999999996908
New York,Buy,2502.85,2498.71,2506.99,2024-09-02 19:05:00,4.139999999999873
Tokyo,Buy,2498.37,2497.56,2499.18,2024-09-03 06:10:00,0.8099999999999454
London,Buy,2502.33,2496.53,2508.1299999999997,2024-09-03 14:30:00,5.799999999999727
London,Sell,2482.09,2488.13,2476.05,2024-09-04 14:25:00,6.039999999999964
New York,Sell,2486.14,2490.89,2481.39,2024-09-04 19:55:00,4.75
Tokyo,Buy,2496.36,2495.02,2497.7000000000003,2024-09-05 06:00:00,1.3400000000001455
London,Buy,2506.72,2502.87,2510.5699999999997,2024-09-05 14:30:00,3.849999999999909
New York,Buy,2521.76,2513.47,2530.0500000000006,2024-09-05 19:05:00,8.290000000000418
Tokyo,Buy,2517.58,2516.01,2519.1499999999996,2024-09-06 06:15:00,1.569999999999709
London,Sell,2517.88,2519.84,2515.92,2024-09-06 14:05:00,1.9600000000000364
New York,Buy,2525.05,2512.12,2537.9800000000005,2024-09-06 19:00:00,12.930000000000291
Tokyo,Sell,2495.85,2498.2,2493.5,2024-09-09 06:00:00,2.349999999999909
London,Buy,2495.24,2488.77,2501.7099999999996,2024-09-09 14:00:00,6.4699999999998
New York,Buy,2503.37,2496.26,2510.4799999999996,2024-09-09 19:00:00,7.109999999999673
Tokyo,Buy,2507.48,2505.6,2509.36,2024-09-10 06:10:00,1.8800000000001091
London,Buy,2506.12,2502.74,2509.5,2024-09-10 14:00:00,3.380000000000109
New York,Buy,2508.12,2504.39,2511.85,2024-09-10 19:00:00,3.730000000000018
Tokyo,Buy,2518.54,2516.26,2520.8199999999997,2024-09-11 06:25:00,2.2799999999997453
London,Sell,2523.38,2527.61,2519.15,2024-09-11 14:10:00,4.230000000000018
New York,Sell,2511.19,2522.14,2500.2400000000002,2024-09-11 19:00:00,10.949999999999818
Tokyo,Sell,2511.79,2512.98,2510.6,2024-09-12 06:15:00,1.1900000000000546
London,Buy,2518.41,2514.41,2522.41,2024-09-12 14:50:00,4.0
New York,Buy,2524.43,2518.82,2530.0399999999995,2024-09-12 19:00:00,5.609999999999673
Tokyo,Sell,2556.98,2558.37,2555.59,2024-09-13 06:05:00,1.3899999999998727
London,Buy,2570.25,2563.81,2576.69,2024-09-13 14:15:00,6.440000000000055
New York,Buy,2569.42,2565.97,2572.8700000000003,2024-09-13 19:00:00,3.450000000000273
Tokyo,Buy,2580.77,2578.76,2582.7799999999997,2024-09-16 06:35:00,2.0099999999997635
London,Buy,2585.71,2579.48,2591.94,2024-09-16 14:45:00,6.230000000000018
New York,Buy,2583.34,2579.75,2586.9300000000003,2024-09-16 19:25:00,3.5900000000001455
Tokyo,Buy,2583.49,2582.06,2584.9199999999996,2024-09-17 06:15:00,1.4299999999998363
London,Sell,2582.29,2585.55,2579.0299999999997,2024-09-17 14:30:00,3.2600000000002183
New York,Sell,2573.44,2581.51,2565.37,2024-09-17 19:00:00,8.070000000000164
Tokyo,Buy,2573.91,2570.63,2577.1899999999996,2024-09-18 06:00:00,3.2799999999997453
London,Buy,2571.42,2568.66,2574.1800000000003,2024-09-18 14:25:00,2.7600000000002183
New York,Sell,2574.69,2578.77,2570.61,2024-09-18 19:00:00,4.079999999999927
Tokyo,Sell,2556.53,2559.6,2553.4600000000005,2024-09-19 06:00:00,3.069999999999709
London,Buy,2580.42,2574.95,2585.8900000000003,2024-09-19 14:10:00,5.470000000000255
New York,Sell,2585.88,2591.15,2580.61,2024-09-19 19:00:00,5.269999999999982
London,Sell,2604.76,2609.64,2599.8800000000006,2024-09-20 14:15:00,4.879999999999654
New York,Sell,2611.69,2619.23,2604.15,2024-09-20 19:35:00,7.539999999999964
Tokyo,Sell,2619.29,2621.38,2617.2,2024-09-23 06:30:00,2.0900000000001455
London,Sell,2616.93,2624.91,2608.95,2024-09-23 14:00:00,7.980000000000018
New York,Buy,2625.7,2619.95,2631.45,2024-09-23 19:15:00,5.75
Tokyo,Sell,2625.02,2627.41,2622.63,2024-09-24 06:30:00,2.3899999999998727
London,Sell,2625.82,2630.18,2621.4600000000005,2024-09-24 14:00:00,4.359999999999673
New York,Buy,2628.96,2623.42,2634.5,2024-09-24 19:00:00,5.539999999999964
London,Buy,2656.47,2651.47,2661.47,2024-09-25 14:20:00,5.0
New York,Buy,2661.53,2656.84,2666.2200000000003,2024-09-25 19:30:00,4.690000000000055
Tokyo,Sell,2657.1,2659.37,2654.83,2024-09-26 06:20:00,2.269999999999982
London,Buy,2665.24,2659.4,2671.0799999999995,2024-09-26 14:15:00,5.839999999999691
New York,Sell,2671.69,2684.11,2659.27,2024-09-26 19:00:00,12.420000000000073
Tokyo,Buy,2672.97,2671.86,2674.0799999999995,2024-09-27 06:05:00,1.1099999999996726
New York,Buy,2669.52,2662.23,2676.81,2024-09-27 19:00:00,7.289999999999964
Tokyo,Buy,2664.82,2661.6,2668.0400000000004,2024-09-30 06:20:00,3.2200000000002547
London,Sell,2655.56,2660.51,2650.6099999999997,2024-09-30 14:05:00,4.950000000000273
New York,Sell,2635.33,2644.17,2626.49,2024-09-30 19:10:00,8.840000000000146
Tokyo,Buy,2635.82,2634.44,2637.2000000000003,2024-10-01 06:30:00,1.3800000000001091
New York,Sell,2648.21,2656.57,2639.85,2024-10-01 19:35:00,8.360000000000127
Tokyo,Sell,2659.85,2662.18,2657.52,2024-10-02 06:30:00,2.3299999999999272
London,Buy,2654.15,2649.39,2658.9100000000003,2024-10-02 14:10:00,4.760000000000218
New York,Buy,2651.24,2643.68,2658.7999999999997,2024-10-02 19:00:00,7.559999999999945
Tokyo,Buy,2662.09,2659.33,2664.8500000000004,2024-10-03 06:35:00,2.7600000000002183
London,Sell,2648.13,2656.13,2640.13,2024-10-03 14:05:00,8.0
New York,Sell,2645.88,2651.41,2640.3500000000004,2024-10-03 19:10:00,5.529999999999745
Tokyo,Sell,2654.44,2656.51,2652.37,2024-10-04 06:05:00,2.0700000000001637
New York,Sell,2641.02,2661.37,2620.67,2024-10-04 19:00:00,20.34999999999991
Tokyo,Sell,2649.28,2652.39,2646.1700000000005,2024-10-07 06:30:00,3.1099999999996726
London,Buy,2647.25,2642.03,2652.47,2024-10-07 14:00:00,5.2199999999998
New York,Sell,2647.17,2659.16,2635.1800000000003,2024-10-07 19:00:00,11.989999999999782
Tokyo,Sell,2642.55,2644.81,2640.2900000000004,2024-10-08 06:10:00,2.2599999999997635
London,Buy,2638.14,2631.19,2645.0899999999997,2024-10-08 14:00:00,6.949999999999818
New York,Sell,2643.65,2652.96,2634.34,2024-10-08 19:00:00,9.309999999999945
New York,Sell,2616.52,2622.37,2610.67,2024-10-09 19:00:00,5.849999999999909
Tokyo,Sell,2607.23,2609.45,2605.01,2024-10-10 06:30:00,2.2199999999998
London,Buy,2615.61,2610.24,2620.9800000000005,2024-10-10 14:00:00,5.370000000000346
New York,Buy,2620.77,2612.76,2628.7799999999997,2024-10-10 19:00:00,8.009999999999764
Tokyo,Buy,2633.23,2628.27,2638.19,2024-10-11 06:05:00,4.960000000000036
London,Buy,2643.09,2638.33,2647.8500000000004,2024-10-11 14:05:00,4.760000000000218
New York,Buy,2648.7,2644.59,2652.8099999999995,2024-10-11 19:00:00,4.109999999999673
Tokyo,Sell,2648.2,2650.65,2645.7499999999995,2024-10-14 06:05:00,2.450000000000273
London,Sell,2659.61,2665.2,2654.0200000000004,2024-10-14 14:40:00,5.589999999999691
New York,Sell,2649.82,2654.55,2645.09,2024-10-14 19:10:00,4.730000000000018
Tokyo,Sell,2649.47,2650.98,2647.9599999999996,2024-10-15 06:10:00,1.5100000000002183
London,Buy,2652.75,2647.94,2657.56,2024-10-15 14:35:00,4.809999999999945
New York,Sell,2647.09,2656.69,2637.4900000000002,2024-10-15 19:35:00,9.599999999999909
Tokyo,Sell,2660.89,2662.38,2659.3999999999996,2024-10-16 06:20:00,1.4900000000002365
New York,Buy,2681.74,2676.54,2686.9399999999996,2024-10-16 19:25:00,5.199999999999818
Tokyo,Buy,2674.48,2673.51,2675.45,2024-10-17 06:10:00,0.9699999999997999
London,Buy,2683.04,2678.99,2687.09,2024-10-17 14:55:00,4.050000000000182
New York,Sell,2676.38,2682.22,2670.5400000000004,2024-10-17 19:00:00,5.839999999999691
Tokyo,Buy,2693.99,2692.28,2695.6999999999994,2024-10-18 06:15:00,1.7099999999995816
London,Sell,2703.7,2709.11,2698.2899999999995,2024-10-18 14:05:00,5.410000000000309
New York,Buy,2716.42,2709.8,2723.04,2024-10-18 19:00:00,6.619999999999891
London,Sell,2726.4,2732.5,2720.3,2024-10-21 14:00:00,6.099999999999909
New York,Buy,2739.16,2732.74,2745.58,2024-10-21 19:35:00,6.420000000000073
Tokyo,Buy,2722.75,2720.38,2725.12,2024-10-22 06:30:00,2.369999999999891
London,Sell,2732.63,2736.24,2729.0200000000004,2024-10-22 14:00:00,3.6099999999996726
New York,Buy,2737.83,2731.55,2744.1099999999997,2024-10-22 19:10:00,6.279999999999745
Tokyo,Sell,2746.41,2748.0,2744.8199999999997,2024-10-23 06:10:00,1.5900000000001455
London,Buy,2754.29,2749.26,2759.3199999999997,2024-10-23 14:05:00,5.029999999999745
New York,Sell,2742.54,2750.44,2734.64,2024-10-23 19:15:00,7.900000000000091
Tokyo,Buy,2721.37,2718.06,2724.68,2024-10-24 06:05:00,3.3099999999999454
London,Sell,2733.02,2737.08,2728.96,2024-10-24 14:15:00,4.059999999999945
New York,Buy,2739.5,2735.88,2743.12,2024-10-24 19:05:00,3.619999999999891
Tokyo,Sell,2733.98,2735.51,2732.45,2024-10-25 06:15:00,1.5300000000002
London,Sell,2728.02,2732.2,2723.84,2024-10-25 14:00:00,4.179999999999836
New York,Buy,2727.47,2723.28,2731.6599999999994,2024-10-25 19:00:00,4.1899999999996
Tokyo,Sell,2732.94,2736.23,2729.65,2024-10-28 06:05:00,3.2899999999999636
London,Sell,2735.09,2740.83,2729.3500000000004,2024-10-28 14:00:00,5.739999999999782
New York,Buy,2740.98,2732.83,2749.13,2024-10-28 19:00:00,8.150000000000091
Tokyo,Buy,2746.17,2743.22,2749.1200000000003,2024-10-29 06:00:00,2.950000000000273
London,Buy,2752.66,2746.37,2758.95,2024-10-29 14:15:00,6.289999999999964
New York,Buy,2757.67,2748.23,2767.11,2024-10-29 19:05:00,9.440000000000055
Tokyo,Buy,2779.25,2774.82,2783.68,2024-10-30 06:35:00,4.429999999999836
London,Sell,2780.74,2784.3,2777.1799999999994,2024-10-30 14:10:00,3.5600000000004
New York,Sell,2773.42,2787.54,2759.3,2024-10-30 19:00:00,14.11999999999989
Tokyo,Buy,2789.21,2784.71,2793.71,2024-10-31 06:30:00,4.5
London,Sell,2777.55,2783.11,2771.9900000000002,2024-10-31 14:00:00,5.559999999999945
New York,Sell,2765.26,2773.93,2756.5900000000006,2024-10-31 19:00:00,8.669999999999618
Tokyo,Sell,2745.68,2747.3,2744.0599999999995,2024-11-01 06:00:00,1.6200000000003456
London,Buy,2754.53,2748.55,2760.51,2024-11-01 14:05:00,5.980000000000018
New York,Sell,2750.9,2762.26,2739.54,2024-11-01 19:50:00,11.360000000000127
Tokyo,Buy,2740.34,2736.99,2743.6900000000005,2024-11-04 06:25:00,3.350000000000364
London,Buy,2738.05,2733.88,2742.2200000000003,2024-11-04 14:00:00,4.170000000000073
New York,Buy,2745.81,2739.91,2751.71,2024-11-04 19:20:00,5.900000000000091
Tokyo,Sell,2733.68,2736.62,2730.74,2024-11-05 06:55:00,2.9400000000000546
London,Buy,2737.54,2732.09,2742.99,2024-11-05 14:00:00,5.449999999999818
New York,Buy,2742.71,2736.34,2749.08,2024-11-05 19:00:00,6.369999999999891
Tokyo,Sell,2735.19,2745.72,2724.6600000000003,2024-11-06 06:30:00,10.529999999999745
London,Sell,2722.46,2733.67,2711.25,2024-11-06 14:30:00,11.210000000000036
New York,Sell,2667.47,2694.81,2640.1299999999997,2024-11-06 19:00:00,27.340000000000146
Tokyo,Sell,2658.21,2664.13,2652.29,2024-11-07 06:40:00,5.920000000000073
London,Sell,2661.74,2666.69,2656.7899999999995,2024-11-07 14:05:00,4.950000000000273
New York,Buy,2683.47,2672.38,2694.5599999999995,2024-11-07 19:10:00,11.08999999999969
Tokyo,Sell,2706.27,2710.35,2702.19,2024-11-08 06:15:00,4.079999999999927
London,Buy,2691.33,2681.94,2700.72,2024-11-08 14:00:00,9.389999999999873
New York,Buy,2697.16,2687.92,2706.3999999999996,2024-11-08 19:15:00,9.239999999999782
Tokyo,Sell,2679.85,2686.22,2673.48,2024-11-11 06:30:00,6.369999999999891
London,Sell,2667.85,2671.75,2663.95,2024-11-11 14:00:00,3.900000000000091
New York,Sell,2642.07,2657.53,2626.61,2024-11-11 19:00:00,15.460000000000036
Tokyo,Buy,2624.35,2622.25,2626.45,2024-11-12 06:15:00,2.099999999999909
London,Sell,2591.64,2606.49,2576.79,2024-11-12 14:35:00,14.849999999999909
Tokyo,Buy,2599.85,2598.04,2601.66,2024-11-13 06:05:00,1.8099999999999454
London,Buy,2607.49,2601.06,2613.9199999999996,2024-11-13 14:00:00,6.429999999999836
New York,Buy,2612.22,2607.13,2617.3099999999995,2024-11-13 19:00:00,5.089999999999691
Tokyo,Sell,2570.92,2574.71,2567.13,2024-11-14 06:15:00,3.7899999999999636
London,Sell,2551.95,2559.68,2544.22,2024-11-14 14:45:00,7.730000000000018
New York,Buy,2557.61,2551.27,2563.9500000000003,2024-11-14 19:05:00,6.3400000000001455
Tokyo,Buy,2567.46,2565.91,2569.01,2024-11-15 06:00:00,1.550000000000182
London,Buy,2567.84,2560.92,2574.76,2024-11-15 14:10:00,6.920000000000073
New York,Sell,2565.1,2575.67,2554.5299999999997,2024-11-15 19:00:00,10.570000000000164
Tokyo,Buy,2574.6,2569.87,2579.33,2024-11-18 06:15:00,4.730000000000018
London,Buy,2591.68,2582.08,2601.2799999999997,2024-11-18 14:55:00,9.599999999999909
New York,Buy,2601.44,2592.95,2609.9300000000003,2024-11-18 19:00:00,8.490000000000236
Tokyo,Buy,2613.2,2610.95,2615.45,2024-11-19 06:20:00,2.25
London,Buy,2626.57,2618.7,2634.4400000000005,2024-11-19 14:10:00,7.870000000000346
New York,Sell,2626.03,2639.4,2612.6600000000003,2024-11-19 19:45:00,13.36999999999989
Tokyo,Buy,2638.12,2634.78,2641.4599999999996,2024-11-20 06:00:00,3.3399999999996908
London,Buy,2624.14,2618.91,2629.37,2024-11-20 14:25:00,5.230000000000018
New York,Buy,2640.63,2631.23,2650.03,2024-11-20 19:50:00,9.400000000000091
Tokyo,Buy,2656.45,2651.82,2661.0799999999995,2024-11-21 06:00:00,4.629999999999654
London,Buy,2669.0,2662.03,2675.97,2024-11-21 14:00:00,6.9699999999998
New York,Buy,2667.83,2660.46,2675.2,2024-11-21 19:35:00,7.369999999999891
Tokyo,Buy,2676.09,2668.94,2683.2400000000002,2024-11-22 06:30:00,7.150000000000091
New York,Sell,2689.81,2704.13,2675.49,2024-11-22 19:40:00,14.320000000000164
Tokyo,Sell,2713.52,2720.1,2706.94,2024-11-25 06:00:00,6.579999999999927
London,Buy,2673.67,2667.21,2680.13,2024-11-25 14:30:00,6.460000000000036
New York,Sell,2673.6,2687.04,2660.16,2024-11-25 19:30:00,13.440000000000055
Tokyo,Buy,2626.16,2608.41,2643.91,2024-11-26 06:35:00,17.75
London,Buy,2618.73,2612.75,2624.71,2024-11-26 14:35:00,5.980000000000018
New York,Sell,2629.23,2641.9,2616.56,2024-11-26 19:15:00,12.670000000000073
Tokyo,Sell,2629.33,2633.09,2625.5699999999997,2024-11-27 06:05:00,3.7600000000002183
London,Buy,2649.75,2645.22,2654.28,2024-11-27 14:15:00,4.5300000000002
New York,Buy,2654.15,2645.81,2662.4900000000002,2024-11-27 19:15:00,8.340000000000146
Tokyo,Buy,2637.89,2635.09,2640.6899999999996,2024-11-28 06:00:00,2.799999999999727
London,Buy,2640.09,2635.69,2644.4900000000002,2024-11-28 14:00:00,4.400000000000091
New York,Buy,2647.09,2642.74,2651.4400000000005,2024-11-28 19:25:00,4.350000000000364
Tokyo,Sell,2636.08,2638.99,2633.17,2024-11-29 06:25:00,2.9099999999998545
London,Sell,2655.61,2662.53,2648.69,2024-11-29 14:10:00,6.920000000000073
Tokyo,Sell,2643.01,2647.64,2638.3800000000006,2024-12-02 06:00:00,4.629999999999654
London,Buy,2634.02,2626.86,2641.18,2024-12-02 14:40:00,7.1599999999998545
New York,Buy,2647.81,2637.03,2658.5899999999997,2024-12-02 19:35:00,10.779999999999745
Tokyo,Sell,2637.93,2644.25,2631.6099999999997,2024-12-03 06:55:00,6.320000000000164
London,Buy,2647.01,2639.27,2654.7500000000005,2024-12-03 14:30:00,7.7400000000002365
New York,Buy,2650.08,2637.78,2662.3799999999997,2024-12-03 19:15:00,12.299999999999727
Tokyo,Sell,2640.85,2643.57,2638.1299999999997,2024-12-04 06:05:00,2.7200000000002547
London,Buy,2642.48,2637.81,2647.15,2024-12-04 14:55:00,4.670000000000073
New York,Buy,2646.0,2632.31,2659.69,2024-12-04 19:05:00,13.690000000000055
Tokyo,Sell,2647.85,2650.48,2645.22,2024-12-05 06:20:00,2.630000000000109
London,Sell,2643.09,2650.19,2635.9900000000002,2024-12-05 14:20:00,7.099999999999909
New York,Sell,2644.84,2654.49,2635.1900000000005,2024-12-05 19:10:00,9.649999999999636
Tokyo,Sell,2630.8,2633.76,2627.84,2024-12-06 06:20:00,2.9600000000000364
London,Buy,2641.92,2638.42,2645.42,2024-12-06 14:10:00,3.5
New York,Buy,2642.07,2634.08,2650.0600000000004,2024-12-06 19:05:00,7.9900000000002365
Tokyo,Sell,2628.27,2640.03,2616.5099999999998,2024-12-09 06:00:00,11.760000000000218
London,Sell,2647.08,2651.04,2643.12,2024-12-09 14:00:00,3.9600000000000364
New York,Buy,2660.48,2654.7,2666.26,2024-12-09 19:00:00,5.7800000000002
Tokyo,Buy,2661.34,2657.93,2664.7500000000005,2024-12-10 06:10:00,3.4100000000003092
New York,Buy,2679.15,2672.31,2685.9900000000002,2024-12-10 19:15:00,6.8400000000001455
Tokyo,Buy,2698.87,2693.34,2704.3999999999996,2024-12-11 06:00:00,5.529999999999745
London,Sell,2686.91,2695.03,2678.7899999999995,2024-12-11 14:35:00,8.120000000000346
New York,Buy,2699.76,2690.5,2709.0200000000004,2024-12-11 19:00:00,9.260000000000218
Tokyo,Buy,2721.5,2718.76,2724.24,2024-12-12 06:15:00,2.7399999999997817
New York,Sell,2697.45,2709.09,2685.8099999999995,2024-12-12 19:25:00,11.640000000000327
Tokyo,Buy,2681.34,2678.42,2684.26,2024-12-13 06:05:00,2.9200000000000728
London,Sell,2680.21,2684.64,2675.78,2024-12-13 14:15:00,4.429999999999836
New York,Sell,2664.72,2672.92,2656.5199999999995,2024-12-13 19:00:00,8.200000000000273
Tokyo,Sell,2648.62,2651.65,2645.5899999999997,2024-12-16 06:05:00,3.0300000000002
London,Buy,2660.51,2652.29,2668.7300000000005,2024-12-16 14:00:00,8.220000000000255
New York,Sell,2658.72,2664.23,2653.2099999999996,2024-12-16 19:40:00,5.510000000000218
Tokyo,Buy,2654.13,2651.25,2657.01,2024-12-17 06:20:00,2.880000000000109
London,Sell,2644.12,2653.69,2634.5499999999997,2024-12-17 14:25:00,9.570000000000164
New York,Sell,2640.44,2646.87,2634.01,2024-12-17 19:00:00,6.429999999999836
Tokyo,Buy,2649.24,2646.59,2651.8899999999994,2024-12-18 06:05:00,2.649999999999636
London,Buy,2648.49,2642.15,2654.8299999999995,2024-12-18 14:15:00,6.339999999999691
New York,Sell,2639.64,2647.44,2631.8399999999997,2024-12-18 19:45:00,7.800000000000182
Tokyo,Buy,2593.6,2587.99,2599.21,2024-12-19 06:00:00,5.610000000000127
London,Buy,2618.32,2613.2,2623.4400000000005,2024-12-19 14:20:00,5.120000000000346
New York,Sell,2599.33,2606.14,2592.52,2024-12-19 19:00:00,6.809999999999945
Tokyo,Buy,2594.83,2592.26,2597.3999999999996,2024-12-20 06:00:00,2.569999999999709
London,Sell,2604.34,2607.7,2600.9800000000005,2024-12-20 14:55:00,3.3599999999996726
New York,Buy,2606.44,2600.15,2612.73,2024-12-20 19:00:00,6.289999999999964
Tokyo,Sell,2620.42,2625.16,2615.6800000000003,2024-12-23 06:00:00,4.739999999999782
London,Buy,2631.23,2625.98,2636.48,2024-12-23 14:05:00,5.25
New York,Buy,2618.02,2614.02,2622.02,2024-12-23 19:05:00,4.0
Tokyo,Sell,2613.85,2616.3,2611.3999999999996,2024-12-24 06:05:00,2.450000000000273
London,Sell,2617.27,2619.87,2614.67,2024-12-24 14:15:00,2.599999999999909
New York,Sell,2611.89,2614.73,2609.0499999999997,2024-12-24 19:00:00,2.8400000000001455
Tokyo,Buy,2620.42,2618.33,2622.51,2024-12-26 06:00:00,2.0900000000001455
New York,Sell,2625.43,2631.12,2619.74,2024-12-26 19:00:00,5.690000000000055
Tokyo,Sell,2631.57,2634.0,2629.1400000000003,2024-12-27 06:10:00,2.4299999999998363
London,Sell,2626.59,2633.46,2619.7200000000003,2024-12-27 14:20:00,6.869999999999891
New York,Sell,2619.29,2627.27,2611.31,2024-12-27 19:00:00,7.980000000000018
Tokyo,Sell,2622.82,2625.43,2620.2100000000005,2024-12-30 06:20:00,2.6099999999996726
London,Sell,2613.83,2617.36,2610.2999999999997,2024-12-30 14:10:00,3.5300000000002
New York,Sell,2616.86,2622.5,2611.2200000000003,2024-12-30 19:00:00,5.639999999999873
Tokyo,Buy,2607.75,2605.08,2610.42,2024-12-31 06:15:00,2.6700000000000728
London,Buy,2616.46,2612.83,2620.09,2024-12-31 14:05:00,3.630000000000109
